14614	14616	https://localdev.beyourlover.com/wp-content/uploads/2025/03/image-1-1024x586.png	https://img.beyourlover.com/2025/03/20030002/image-1-1024x586.png
14614	14617	https://localdev.beyourlover.com/wp-content/uploads/2025/03/image-2-1024x586.png	https://img.beyourlover.com/2025/03/20031140/image-2-1024x586.png
14619	14621	https://localdev.beyourlover.com/wp-content/uploads/2025/03/image-3-1024x586.png	https://img.beyourlover.com/2025/03/20031149/image-3-1024x586.png
14619	14622	https://localdev.beyourlover.com/wp-content/uploads/2025/03/Google-Chrome-2025-03-06-12.56.20-1024x586.png	https://img.beyourlover.com/2025/03/20031158/Google-Chrome-2025-03-06-12.56.20-1024x586.png
14619	14623	https://localdev.beyourlover.com/wp-content/uploads/2025/03/image-4-1024x586.png	https://img.beyourlover.com/2025/03/20031209/image-4-1024x586.png
14619	14624	https://localdev.beyourlover.com/wp-content/uploads/2025/03/image-5-1024x701.png	https://img.beyourlover.com/2025/03/20031217/image-5-1024x701.png
14619	14625	https://localdev.beyourlover.com/wp-content/uploads/2025/03/Google-Chrome-2025-03-06-13.05.34-1024x703.png	https://img.beyourlover.com/2025/03/20031225/Google-Chrome-2025-03-06-13.05.34-1024x703.png
14671	14674	https://localdev.beyourlover.com/wp-content/uploads/2025/03/image-6-1024x586.png	https://img.beyourlover.com/2025/03/20031256/image-6-1024x586.png
14671	14675	https://localdev.beyourlover.com/wp-content/uploads/2025/03/image-7-1024x586.png	https://img.beyourlover.com/2025/03/20031304/image-7-1024x586.png
14671	14676	https://localdev.beyourlover.com/wp-content/uploads/2025/03/image-8-1024x586.png	https://img.beyourlover.com/2025/03/20031313/image-8-1024x586.png
14671	14677	https://localdev.beyourlover.com/wp-content/uploads/2025/03/image-9-1024x586.png	https://img.beyourlover.com/2025/03/20031324/image-9-1024x586.png
14671	14678	https://localdev.beyourlover.com/wp-content/uploads/2025/03/image-10-1024x598.png	https://img.beyourlover.com/2025/03/20031333/image-10-1024x598.png
24381	24382	https://localdev.beyourlover.com/wp-content/uploads/2025/06/image.png	https://img.beyourlover.com/2025/06/21054003/image.png
24484	24488	https://localdev.beyourlover.com/wp-content/uploads/2025/06/image-2.png	https://img.beyourlover.com/2025/06/21054016/image-2.png
24704	24705	https://localdev.beyourlover.com/wp-content/uploads/2025/07/image-1024x461.png	https://img.beyourlover.com/2025/07/21054211/image-1024x461.png
24704	24706	https://localdev.beyourlover.com/wp-content/uploads/2025/07/image-1-1024x599.png	https://img.beyourlover.com/2025/07/21054220/image-1-1024x599.png
24704	24707	https://localdev.beyourlover.com/wp-content/uploads/2025/07/image-2-1024x579.png	https://img.beyourlover.com/2025/07/21054228/image-2-1024x579.png
24704	24709	https://localdev.beyourlover.com/wp-content/uploads/2025/07/image-4.png	https://img.beyourlover.com/2025/07/21054242/image-4.png
